{
  "timestamp": "2026-02-25T14:58:33.613986",
  "tests": {
    "cold_vs_warm": {
      "cold_start_ms": 1609.1399192810059,
      "warm_avg_ms": 4825.461268424988,
      "speedup": 0.33346862191398813,
      "all_latencies_ms": [
        1609.1399192810059,
        1486.3131046295166,
        13531.056880950928,
        1929.0380477905273,
        2355.4370403289795
      ]
    },
    "exact_vs_semantic": {
      "exact_avg_ms": 476.69639587402344,
      "semantic_avg_ms": 1242.350959777832,
      "ratio": 2.6061681408351745
    },
    "multilingual": {
      "latencies_ms": [
        922.6927757263184,
        1125.7469654083252,
        1020.4460620880127,
        1541.0661697387695
      ],
      "avg_ms": 1152.4879932403564
    },
    "consistency": {
      "success_rate": 1.0,
      "avg_ms": 923.8186359405518,
      "min_ms": 836.3220691680908,
      "max_ms": 1115.382194519043,
      "stdev_ms": 91.85581863330063,
      "variance_pct": 9.943057550444523
    },
    "quality": {
      "quality_scores": [
        888.8781070709229,
        922.3999977111816,
        1127.7949810028076,
        1092.3120975494385
      ]
    }
  }
}